14.248.194.241,2,"lethanhmai_91, ngochanh_0710 Copy",detail
171.254.142.193,2,"anhtukelvin, l6zypfi_5_r_iv172bgs9cmsicdn Copy",detail
14.162.96.175,2,"lethanhmai_91, ngochanh_0710 Copy",detail
27.67.129.153,2,"phamletho, thophamle Copy",detail
14.170.217.10,2,"uatthugiang841311, duongtrantu402026 Copy",detail
59.153.243.68,2,"applevn99, toan113yaa Copy",detail
171.253.179.58,2,"knqwert, quochuyn01 Copy",detail
123.24.239.174,2,"ngochanh_0710, lethanhmai_91 Copy",detail
14.162.106.199,2,"lethanhmai_91, ngochanh_0710 Copy",detail
123.26.219.210,2,"thophamle, phamletho Copy",detail
171.255.78.245,2,"phamletho, minhthuonh91 Copy",detail
171.255.79.140,2,"phamletho, thophamle Copy",detail
113.190.83.223,2,"ngochanh_0710, lethanhmai_91 Copy",detail
27.67.136.79,2,"baoan0087689900, thuong528120733 Copy",detail
171.255.76.30,2,"thuong528120733, baoan0087689900 Copy",detail
171.255.120.128,2,"duongtrantu402026, uatthugiang841311 Copy",detail
171.253.187.182,2,"knqwert, quochuyn01 Copy",detail
8.47.69.144,2,"helios.closet, phatquy_wcs Copy",detail
8.39.127.175,2,"helios.closet, vinhhyl Copy",detail
123.16.211.70,2,"ngochanh_0710, lethanhmai_91 Copy",detail
171.253.185.18,2,"quochuyn01, knqwert Copy",detail
123.17.148.107,2,"daubao_422, luonghan1506 Copy",detail
59.153.243.51,2,"applevn99, toan113yaa Copy",detail
27.67.142.154,2,"thuong528120733, baoan0087689900 Copy",detail
27.67.138.213,2,"thuong528120733, minhthuonh91 Copy",detail
171.255.66.45,2,"phamletho, thophamle Copy",detail
27.67.136.46,2,"minhthuonh91, thuong528120733 Copy",detail
171.253.129.126,2,"quochuyn01, knqwert Copy",detail
113.187.75.71,2,"quochuyn01, xuanphuong68le Copy",detail
1.55.108.57,2,"ngochanh_0710, lethanhmai_91 Copy",detail
171.255.123.226,2,"phunghieptp, trungphamgia88 Copy",detail
27.66.162.174,2,"daubao_422, luonghan1506 Copy",detail
222.252.67.36,2,"ngochanh_0710, lethanhmai_91 Copy",detail
116.98.234.194,2,"vancuongav, tranlehoajq Copy",detail
14.166.37.36,2,"vancuongav, tranlehoajq Copy",detail
171.255.73.22,2,"minhthuonh91, khanhuyen258 Copy",detail
221.121.53.11,2,"3hk4h0sruacdulntkypfum57zufb, ap8ujdn125y1etgrbcmo2gt_cyzx Copy",detail
171.228.251.105,2,"tranbuicucvinh, tranbuicucanh Copy",detail
14.177.110.79,2,"lethanhmai_91, ngochanh_0710 Copy",detail
27.67.3.154,2,"uatthugiang841311, nguyenmanhdung146433 Copy",detail
27.71.100.80,2,"huynhmai0112, jackychun94 Copy",detail
27.67.136.74,2,"minhthuonh91, khanhuyen258 Copy",detail
59.153.245.148,2,"applevn99, kenpham84 Copy",detail
171.229.95.154,2,"kendrunwaz, phatquy_wcs Copy",detail
171.255.76.23,2,"tranbuicucvinh, tranbuicucanh Copy",detail
171.246.240.157,2,"kendrunwaz, phatquy_wcs Copy",detail
27.66.211.34,2,"nuongchuiva, nguyenpham_cyo Copy",detail
27.67.137.95,2,"minhthuonh91, thuong528120733 Copy",detail
171.255.76.150,2,"tranbuicucvinh, minhthuonh91 Copy",detail
59.153.242.29,2,"applevn99, truclanphan2110 Copy",detail
