59.153.243.231,2,"applevn99, nguyenpham_cyo Copy",detail
123.18.240.248,2,"minhthuonh91, thuong528120733 Copy",detail
27.67.189.65,2,"phunghieptp, thuhien_1299 Copy",detail
115.76.49.44,2,"quochuyn01, linhnguyen16101212 Copy",detail
14.245.77.139,2,"lehoanchau586094, lethibichhuong889995 Copy",detail
59.153.244.112,2,"applevn99, truclanphan2110 Copy",detail
171.255.124.84,2,"chungphungyen682414, nguyenmanhdung146433 Copy",detail
171.255.124.145,2,"nguyenmanhdung146433, diephiepvu343461 Copy",detail
171.255.121.132,2,"nguyenmanhdung146433, diephiepvu343461 Copy",detail
171.255.121.79,2,"nguyenmanhdung146433, diephiepvu343461 Copy",detail
171.255.65.191,2,"diephiepvu343461, nguyenmanhdung146433 Copy",detail
171.255.65.113,2,"nguyenmanhdung146433, diephiepvu343461 Copy",detail
171.255.65.116,2,"diephiepvu343461, nguyenmanhdung146433 Copy",detail
27.67.139.54,2,"minhthuonh91, toan113yaa Copy",detail
27.67.134.40,2,"nguyenmanhdung146433, diephiepvu343461 Copy",detail
27.67.45.138,2,"nguyenmanhdung146433, diephiepvu343461 Copy",detail
27.67.139.234,2,"chungphungyen682414, kieuminhhang587250 Copy",detail
14.255.131.40,2,"choosetheperfect, giabaoznk Copy",detail
115.73.126.160,2,"trangtuyet9102, hienvy03 Copy",detail
171.226.76.103,2,"minhkhoi_le, helios.closet Copy",detail
27.67.187.173,2,"diephiepvu343461, nguyenmanhdung146433 Copy",detail
171.224.239.233,2,"choosetheperfect, thuyenkhongbenzz Copy",detail
171.255.70.97,2,"giabaoznk, thuyenkhongbenzz Copy",detail
117.7.74.141,2,"lehoanchau586094, kieumongvi392861 Copy",detail
8.21.11.49,2,"ngodung1506, huynhmai0112 Copy",detail
59.153.243.245,2,"truclanphan2110, toan113yaa Copy",detail
117.0.150.90,2,"giabaoznk, choosetheperfect Copy",detail
171.255.120.102,2,"diephiepvu343461, nguyenmanhdung146433 Copy",detail
27.67.182.235,2,"duongtrantu402026, nguyenmanhdung146433 Copy",detail
27.67.178.58,2,"uatthugiang841311, diephiepvu343461 Copy",detail
171.254.159.85,2,"tramthanhfu3, khuongbaos3 Copy",detail
171.255.64.240,2,"chungphungyen682414, nguyenmanhdung146433 Copy",detail
171.255.64.180,2,"uatthugiang841311, diephiepvu343461 Copy",detail
8.21.11.36,2,"ngodung1506, phanh161201 Copy",detail
116.103.226.248,2,"synvx6ue02, trangtuyet9102 Copy",detail
27.67.176.92,2,"chungphungyen682414, nguyenmanhdung146433 Copy",detail
27.67.176.150,2,"uatthugiang841311, diephiepvu343461 Copy",detail
27.67.132.200,2,"nguyenmanhdung146433, duongtrantu402026 Copy",detail
117.7.73.228,2,"kieuminhhang587250, nguyenquangtu197271 Copy",detail
27.67.181.144,2,"uatthugiang841311, diephiepvu343461 Copy",detail
171.255.116.130,2,"uatthugiang841311, diephiepvu343461 Copy",detail
8.39.127.164,2,"vinhhyl, ngodung1506 Copy",detail
116.107.42.3,2,"hienvy03, trangtuyet9102 Copy",detail
27.2.0.236,2,"helios.closet, minhkhoi_le Copy",detail
171.255.136.173,2,"hienvy03, trangtuyet9102 Copy",detail
116.99.128.204,2,"trangtuyet9102, hienvy03 Copy",detail
